{
  "project_info": {
    "project_number": "385566996376",
    "firebase_url": "https://travelauth.firebaseio.com",
    "project_id": "travelauth",
    "storage_bucket": "travelauth.appspot.com"
  },
  "client": [
    {
      "client_info": {
        "mobilesdk_app_id": "1:385566996376:android:eca073cd27ada5c38b1ded",
        "android_client_info": {
          "package_name": "com.codingwithflutter.firebase_auth_demo_flutter"
        }
      },
      "oauth_client": [
        {
          "client_id": "385566996376-qa3duprj70t16pl90mps8uq0tpgqv224.apps.googleusercontent.com",
          "client_type": 1,
          "android_info": {
            "package_name": "com.codingwithflutter.firebase_auth_demo_flutter",
            "certificate_hash": "3814c98ed408efcd6223f55c1c0d1810a1859461"
          }
        },
        {
          "client_id": "385566996376-g4m7ce23nav9d36abtsu0vvr7366k5u8.apps.googleusercontent.com",
          "client_type": 3
        }
      ],
      "api_key": [
        {
          "current_key": "AIzaSyCqvMfKRFgsnf7dMpGPSfGgf65Ic_6_MWc"
        }
      ],
      "services": {
        "appinvite_service": {
          "other_platform_oauth_client": [
            {
              "client_id": "385566996376-g4m7ce23nav9d36abtsu0vvr7366k5u8.apps.googleusercontent.com",
              "client_type": 3
            }
          ]
        }
      }
    }
  ],
  "configuration_version": "1"
}